,Gene,Importance,sc_det_rate,sn_det_rate,delta_detection,Enriched_In
0,FTH1,0.016562362,0.881796314,0.090270682,0.791525632,Single-Cell
1,COX7C,0.012941167,0.733949896,0.042111765,0.69183813,Single-Cell
2,B2M,0.011239869,0.78714033,0.1226104,0.66452993,Single-Cell
3,PTMA,0.010607212,0.793307585,0.13926561,0.654041975,Single-Cell
4,GMDS-DT,0.010210532,0.165357849,0.706095454,-0.540737605,Single-Nucleus
5,PTH2R,0.010079573,0.164425049,0.624189533,-0.459764485,Single-Nucleus
6,EEF1A1,0.010018009,0.901896817,0.097348914,0.804547902,Single-Cell
7,PKHD1,0.009724153,0.220280452,0.717576681,-0.497296229,Single-Nucleus
8,LRMDA,0.009339692,0.262337265,0.709105096,-0.446767831,Single-Nucleus
9,SRP14,0.009257795,0.672017824,0.044025303,0.62799252,Single-Cell
10,MAML2,0.009254102,0.307907381,0.752257232,-0.444349851,Single-Nucleus
11,ITM2B,0.008721543,0.782184981,0.239902837,0.542282144,Single-Cell
12,PPIA,0.008712676,0.670649227,0.056240363,0.614408864,Single-Cell
13,TPT1,0.008569914,0.883219998,0.082714065,0.800505932,Single-Cell
14,UBB,0.008307756,0.71183567,0.027421183,0.684414488,Single-Cell
15,NACA,0.00818253,0.721780645,0.054057443,0.667723202,Single-Cell
16,UQCRB,0.008054163,0.637276517,0.03653371,0.600742807,Single-Cell
17,TMSB4X,0.007996141,0.581126093,0.082319282,0.498806811,Single-Cell
18,BICC1,0.007889486,0.238288887,0.735295484,-0.497006597,Single-Nucleus
19,WWOX,0.007594249,0.297737163,0.80191168,-0.504174517,Single-Nucleus
20,FTX,0.007504422,0.307472809,0.876906571,-0.569433762,Single-Nucleus
21,MALAT1,0.007374015,0.70410273,0.998639159,-0.294536428,Single-Nucleus
22,UBA52,0.00715284,0.729651914,0.037170008,0.692481906,Single-Cell
23,MAPK10,0.007039241,0.173946468,0.695612797,-0.521666329,Single-Nucleus
24,PPP2R3A,0.006889838,0.175749637,0.630204173,-0.454454535,Single-Nucleus
25,RACK1,0.006843635,0.723159035,0.074562952,0.648596083,Single-Cell
26,KAZN,0.006709205,0.201459184,0.642284541,-0.440825357,Single-Nucleus
27,MAGI1,0.006648323,0.249091989,0.729694206,-0.480602217,Single-Nucleus
28,TMSB10,0.006561131,0.714533692,0.05957512,0.654958571,Single-Cell
29,NDUFA4,0.0065511,0.665434358,0.046742341,0.618692017,Single-Cell
30,SETBP1,0.006543932,0.200867921,0.698757129,-0.497889209,Single-Nucleus
31,DHFR,0.00618677,0.584152186,0.098579709,0.485572477,Single-Cell
32,ARHGAP6,0.005947535,0.16990066,0.611328887,-0.441428227,Single-Nucleus
33,MAST4,0.005896397,0.206506344,0.574990247,-0.368483902,Single-Nucleus
34,SERF2,0.005864104,0.805546612,0.072774816,0.732771797,Single-Cell
35,DIP2C,0.005746248,0.147009102,0.639948353,-0.492939252,Single-Nucleus
36,PARD3,0.005678515,0.231052951,0.743966782,-0.512913832,Single-Nucleus
37,COX5B,0.005651119,0.627976668,0.051753767,0.576222901,Single-Cell
38,GLIS3,0.005597122,0.199510341,0.674624259,-0.475113918,Single-Nucleus
39,NR2F2-AS1,0.005437497,0.150521181,0.595244951,-0.444723771,Single-Nucleus
40,HLA-A,0.005282369,0.608067132,0.099768703,0.508298429,Single-Cell
41,MAGI2,0.005141373,0.151666983,0.55484701,-0.403180027,Single-Nucleus
42,PATJ,0.005089172,0.237163895,0.704037936,-0.466874041,Single-Nucleus
43,SAMD12,0.00500049,0.139397352,0.578756944,-0.439359591,Single-Nucleus
44,KIAA1217,0.004874015,0.230974605,0.70910974,-0.478135135,Single-Nucleus
45,MIF,0.004760973,0.72915491,0.037629814,0.691525096,Single-Cell
46,ELOB,0.004717255,0.588260425,0.030593383,0.557667043,Single-Cell
47,CFL1,0.004713676,0.604851297,0.038256823,0.566594474,Single-Cell
48,S100A6,0.004650906,0.585283298,0.104334256,0.480949042,Single-Cell
49,GPHN,0.004569392,0.256749031,0.756688093,-0.499939062,Single-Nucleus
50,COX8A,0.004548726,0.584374981,0.028577665,0.555797315,Single-Cell
51,NR6A1,0.004536837,0.087852172,0.466675646,-0.378823474,Single-Nucleus
52,FTL,0.004520896,0.872923693,0.105616141,0.767307552,Single-Cell
53,MBD5,0.004461506,0.242224521,0.727214038,-0.484989517,Single-Nucleus
54,HLA-B,0.004421267,0.570264232,0.086634031,0.483630201,Single-Cell
55,PARD3B,0.004370075,0.18979673,0.712997195,-0.523200464,Single-Nucleus
56,EIF1,0.004340784,0.781284008,0.096271388,0.68501262,Single-Cell
57,ESRRG,0.00431399,0.229778613,0.637816523,-0.40803791,Single-Nucleus
58,ATP5F1E,0.004086905,0.764242651,0.038447248,0.725795403,Single-Cell
59,NEAT1,0.004041651,0.508608818,0.917313802,-0.408704984,Single-Nucleus
60,RBPMS,0.003994155,0.312111104,0.725820685,-0.413709581,Single-Nucleus
61,COX4I1,0.003991883,0.677806817,0.055929181,0.621877637,Single-Cell
62,SMYD3,0.003629864,0.232831637,0.694368068,-0.461536431,Single-Nucleus
63,SHROOM3,0.003606351,0.118529309,0.527179668,-0.408650359,Single-Nucleus
64,XIST,0.003569681,0.134564418,0.42764319,-0.293078773,Single-Nucleus
65,LINC01515,0.00355482,0.048299965,0.385749717,-0.337449752,Single-Nucleus
66,APBB2,0.003552698,0.19309336,0.641736489,-0.44864313,Single-Nucleus
67,GAPDH,0.003405058,0.776252762,0.051475096,0.724777666,Single-Cell
68,FAU,0.003380254,0.628254549,0.043147491,0.585107058,Single-Cell
69,NME2,0.003312655,0.543843456,0.0358231,0.508020356,Single-Cell
70,BCAS3,0.003273464,0.237214085,0.691553495,-0.45433941,Single-Nucleus
71,UBE2E2,0.00326968,0.216055919,0.603670091,-0.387614172,Single-Nucleus
72,CHCHD2,0.003199917,0.59725791,0.041554424,0.555703485,Single-Cell
73,FGD4,0.003169634,0.219405187,0.656245936,-0.436840749,Single-Nucleus
74,PKP4,0.003146916,0.272269998,0.660007989,-0.387737991,Single-Nucleus
75,LARGE1,0.003104117,0.1274105,0.521889572,-0.394479073,Single-Nucleus
76,PRKN,0.003101792,0.197052253,0.696643878,-0.499591625,Single-Nucleus
77,FNDC3B,0.003081777,0.300323787,0.706945399,-0.406621612,Single-Nucleus
78,SOX6,0.003074348,0.178568849,0.601375704,-0.422806855,Single-Nucleus
79,NHS,0.003070191,0.123500572,0.585909488,-0.462408916,Single-Nucleus
80,HINT1,0.003031451,0.652269876,0.062700875,0.589569001,Single-Cell
81,L3MBTL4,0.003011034,0.09805789,0.475416612,-0.377358723,Single-Nucleus
82,RAD51B,0.00297961,0.17945758,0.588203875,-0.408746295,Single-Nucleus
83,TTC28,0.002976748,0.182117653,0.605602207,-0.423484554,Single-Nucleus
84,SOD1,0.002951846,0.583511957,0.048586211,0.534925745,Single-Cell
85,UACA,0.00288986,0.150725613,0.479062552,-0.328336939,Single-Nucleus
86,H3F3B,0.002889397,0.648055136,0.145210582,0.502844554,Single-Cell
87,ZNF609,0.002886388,0.151949761,0.558701953,-0.406752192,Single-Nucleus
88,ZBTB20,0.002821058,0.491811065,0.878374236,-0.386563171,Single-Nucleus
89,RNASEK,0.002805893,0.575436256,0.074892712,0.500543544,Single-Cell
90,PLEKHA5,0.002763263,0.240191212,0.672325227,-0.432134015,Single-Nucleus
91,AC098829.1,0.002761709,0.039244946,0.362132387,-0.322887441,Single-Nucleus
92,COX6C,0.002743238,0.598714645,0.093809798,0.504904847,Single-Cell
93,SLC25A6,0.002641171,0.554355211,0.062914522,0.491440688,Single-Cell
94,HSPE1,0.002632608,0.566624842,0.050680885,0.515943957,Single-Cell
95,DYNLL1,0.002632072,0.538157291,0.062663719,0.475493572,Single-Cell
96,BTBD9,0.002550905,0.201898653,0.669208761,-0.467310109,Single-Nucleus
97,NDUFB2,0.002527686,0.570768581,0.088477901,0.48229068,Single-Cell
98,TMA7,0.002476471,0.615179429,0.054758764,0.560420665,Single-Cell
99,PFN1,0.002470554,0.596554025,0.035544429,0.561009595,Single-Cell
100,S100A11,0.002466735,0.499921042,0.042604083,0.457316959,Single-Cell
101,MACROD2,0.002426718,0.165453332,0.596791573,-0.431338241,Single-Nucleus
102,PTPRG,0.002425922,0.305388085,0.764792762,-0.459404677,Single-Nucleus
103,ACTG1,0.002419976,0.651707992,0.129646832,0.52206116,Single-Cell
104,OST4,0.002418464,0.542668274,0.030449403,0.512218872,Single-Cell
105,EEF1B2,0.002397714,0.561128419,0.036891337,0.524237082,Single-Cell
106,WDPCP,0.002391202,0.124347682,0.534564438,-0.410216756,Single-Nucleus
107,CST3,0.002327089,0.537247749,0.041986364,0.495261385,Single-Cell
108,ACTB,0.002279085,0.784982158,0.164262359,0.620719799,Single-Cell
109,CEP112,0.002278737,0.099836576,0.449045089,-0.349208513,Single-Nucleus
110,RORA,0.002258859,0.319349488,0.820721943,-0.501372455,Single-Nucleus
111,HSPA8,0.002257712,0.5609399,0.047197503,0.513742397,Single-Cell
112,STK32B,0.002234839,0.067247321,0.329156371,-0.261909051,Single-Nucleus
113,HSP90AA1,0.002234683,0.687313547,0.281531573,0.405781974,Single-Cell
114,AL050309.1,0.0022294,0.105957314,0.507774909,-0.401817595,Single-Nucleus
115,THSD7A,0.0022211,0.196414472,0.600637227,-0.404222755,Single-Nucleus
116,INVS,0.002174935,0.110738834,0.51045479,-0.399715956,Single-Nucleus
117,POLR2L,0.00217424,0.558010515,0.023603396,0.534407119,Single-Cell
118,HLA-C,0.002143813,0.458138439,0.074939157,0.383199282,Single-Cell
119,MYL12A,0.002138933,0.52575178,0.066267858,0.459483921,Single-Cell
120,ADAMTS9-AS2,0.002137501,0.208670637,0.661954038,-0.453283401,Single-Nucleus
121,GSE1,0.002122564,0.127818141,0.431642113,-0.303823972,Single-Nucleus
122,NEBL,0.002090858,0.13307463,0.478180095,-0.345105465,Single-Nucleus
123,CD63,0.002076115,0.551889778,0.06398276,0.487907018,Single-Cell
124,COX6B1,0.002073644,0.600900973,0.04959407,0.551306903,Single-Cell
125,EEF1G,0.002066683,0.682216197,0.069560815,0.612655381,Single-Cell
126,AL049828.1,0.002062324,0.07398258,0.424173742,-0.350191161,Single-Nucleus
127,STK33,0.002061963,0.0831086,0.439528489,-0.356419889,Single-Nucleus
128,SORBS2,0.002057927,0.193770313,0.584771583,-0.39100127,Single-Nucleus
129,CRADD,0.002048519,0.151544568,0.553699816,-0.402155248,Single-Nucleus
130,APOE,0.002043265,0.400367244,0.043807011,0.356560233,Single-Cell
131,NLGN1,0.002034514,0.082453681,0.390491761,-0.308038079,Single-Nucleus
132,LDHB,0.002031528,0.597621481,0.119298865,0.478322616,Single-Cell
133,ATP5MG,0.002020733,0.640284247,0.075022758,0.565261489,Single-Cell
134,PLXDC2,0.002017878,0.216674114,0.624324224,-0.40765011,Single-Nucleus
135,AGAP1,0.002001156,0.177969017,0.7412451,-0.563276083,Single-Nucleus
136,NDUFS5,0.001969835,0.52249922,0.041842384,0.480656836,Single-Cell
137,UBL5,0.001930985,0.585954131,0.025038549,0.560915582,Single-Cell
138,S100A10,0.001899122,0.519706939,0.060824493,0.458882446,Single-Cell
139,EPB41L4A,0.001886761,0.154295228,0.5453815,-0.391086272,Single-Nucleus
140,HSP90AB1,0.001875491,0.58526616,0.099884816,0.485381344,Single-Cell
141,DAPK1,0.001874374,0.149579811,0.499428725,-0.349848914,Single-Nucleus
142,CDK14,0.001838022,0.145084742,0.57812529,-0.433040549,Single-Nucleus
143,EYS,0.001822636,0.014655494,0.188864325,-0.17420883,Single-Nucleus
144,AKAP13,0.001820222,0.310380159,0.671168744,-0.360788585,Single-Nucleus
145,ATP5F1D,0.001796839,0.564934294,0.053174987,0.511759307,Single-Cell
146,BBS9,0.001790859,0.150720717,0.609471083,-0.458750366,Single-Nucleus
147,SGO1-AS1,0.001775408,0.070537829,0.369744738,-0.299206909,Single-Nucleus
148,LRCH1,0.001771893,0.185703181,0.532962082,-0.347258901,Single-Nucleus
149,NDUFC2,0.001760173,0.431882923,0.035581585,0.396301337,Single-Cell
150,NDUFA13,0.001736948,0.605815925,0.071413974,0.534401951,Single-Cell
151,FHIT,0.001718822,0.284182178,0.780463336,-0.496281159,Single-Nucleus
152,SKP1,0.001717928,0.575846345,0.144439594,0.431406751,Single-Cell
153,NEDD4L,0.00170553,0.265810171,0.632563583,-0.366753412,Single-Nucleus
154,ANKRD36,0.001699957,0.065188304,0.375262415,-0.31007411,Single-Nucleus
155,PDE4D,0.00169727,0.371236205,0.803082096,-0.431845891,Single-Nucleus
156,HNF1A-AS1,0.001690226,0.077732144,0.457786055,-0.380053911,Single-Nucleus
157,OAZ1,0.00167585,0.618662129,0.058358259,0.56030387,Single-Cell
158,RABGAP1L,0.001644272,0.296532602,0.719383395,-0.422850793,Single-Nucleus
159,GSTP1,0.001635406,0.566202511,0.055548331,0.51065418,Single-Cell
160,WDR72,0.001628663,0.183128799,0.515299014,-0.332170215,Single-Nucleus
161,AC246817.1,0.001610106,0.044052173,0.297415795,-0.253363622,Single-Nucleus
162,FXYD2,0.001607758,0.612901291,0.257839932,0.355061359,Single-Cell
163,AFF1,0.001593949,0.300052026,0.682928642,-0.382876615,Single-Nucleus
164,JUNB,0.001587075,0.412624634,0.069189254,0.343435379,Single-Cell
165,CCDC148,0.001582108,0.085855587,0.406654653,-0.320799066,Single-Nucleus
166,INSR,0.001579603,0.245022922,0.611421777,-0.366398855,Single-Nucleus
167,KIF26B,0.001572854,0.066068467,0.310062794,-0.243994327,Single-Nucleus
168,LDLRAD4,0.001571342,0.159488062,0.441149423,-0.281661362,Single-Nucleus
169,PFDN5,0.001566259,0.678819187,0.076643692,0.602175495,Single-Cell
170,UBC,0.001565947,0.645200424,0.113744032,0.531456392,Single-Cell
171,RBM47,0.00156347,0.289823049,0.618630056,-0.328807006,Single-Nucleus
172,AUTS2,0.00154936,0.163688112,0.540736991,-0.377048879,Single-Nucleus
173,ETV6,0.001534386,0.197212616,0.515568395,-0.318355779,Single-Nucleus
174,DPP6,0.001530501,0.035574951,0.351607929,-0.316032978,Single-Nucleus
175,ANKRD36C,0.001510425,0.059617209,0.337660468,-0.278043259,Single-Nucleus
176,ATP5IF1,0.0014848,0.523954731,0.059923458,0.464031273,Single-Cell
177,GAREM1,0.001476732,0.15799705,0.488119345,-0.330122296,Single-Nucleus
178,PRDX1,0.001470186,0.61418787,0.036166794,0.578021076,Single-Cell
179,THRB,0.00146798,0.143110192,0.529288275,-0.386178084,Single-Nucleus
180,COX6A1,0.001451086,0.587162365,0.033895629,0.553266736,Single-Cell
181,JMJD1C,0.001435681,0.356583159,0.759089305,-0.402506145,Single-Nucleus
182,FAM160A1,0.001424501,0.090120517,0.452189422,-0.362068904,Single-Nucleus
183,TFCP2L1,0.00140703,0.17688687,0.496149702,-0.319262831,Single-Nucleus
184,KLF12,0.001404017,0.172417508,0.533812027,-0.36139452,Single-Nucleus
185,PRICKLE2,0.001391883,0.081932194,0.49153306,-0.409600865,Single-Nucleus
186,MYL6,0.001389538,0.638749166,0.109977335,0.528771831,Single-Cell
187,NDUFB7,0.001384152,0.468645297,0.042984933,0.425660364,Single-Cell
188,NDUFA1,0.001364352,0.542483428,0.028991027,0.513492401,Single-Cell
189,TMEM59,0.001363761,0.486317091,0.134644323,0.351672767,Single-Cell
190,CD74,0.001362363,0.502185715,0.080187452,0.421998263,Single-Cell
191,GATM,0.001359993,0.361798028,0.076522935,0.285275093,Single-Cell
192,TMBIM6,0.001352474,0.587536954,0.142697903,0.444839051,Single-Cell
193,ATP5MPL,0.001342998,0.53086382,0.061646571,0.469217248,Single-Cell
194,IMMP2L,0.001340098,0.316240153,0.761778475,-0.445538322,Single-Nucleus
195,AC008014.1,0.001339197,0.126030885,0.559695878,-0.433664992,Single-Nucleus
196,ENTPD1-AS1,0.0013376,0.114051377,0.409840786,-0.295789409,Single-Nucleus
197,SVIL,0.001327555,0.189249536,0.536064614,-0.346815078,Single-Nucleus
198,CGNL1,0.00130145,0.184798536,0.572695859,-0.387897323,Single-Nucleus
199,MEF2A,0.001300731,0.26113148,0.605671875,-0.344540395,Single-Nucleus